{
  "templates": [
    {
      "name": "App Route",
      "displayName": "App Route",
      "fields": [
        {
          "name": "pageTitle",
          "displayName": "Page Title",
          "section": "Page Metadata",
          "type": "Single-Line Text"
        }
      ],
      "insertOptions": [
        "App Route"
      ],
      "route": false,
      "defaultRoute": true
    },
    {
      "name": "ContentBlock",
      "icon": "Office/16x16/document_tag.png",
      "fields": [
        {
          "name": "heading",
          "type": "Single-Line Text"
        },
        {
          "name": "content",
          "type": "Rich Text"
        }
      ],
      "allFields": [
        {
          "name": "heading",
          "type": "Single-Line Text"
        },
        {
          "name": "content",
          "type": "Rich Text"
        }
      ]
    }
  ],
  "placeholders": [
    {
      "name": "jss-main",
      "displayName": "Main"
    },
    {
      "name": "jss-tabs",
      "displayName": "Tabs",
      "id": "tabs-placeholder"
    }
  ],
  "appName": "sitecore-jss-app",
  "language": "en",
  "renderings": [
    {
      "name": "ContentBlock",
      "icon": "Office/16x16/document_tag.png",
      "exposedPlaceholders": [],
      "dataSourceTemplate": "ContentBlock"
    }
  ],
  "wipeExisting": false,
  "rootPlaceholders": [
    "jss-main"
  ]
}
